t_s,drone,rtt_ms
0.54,d2,42.8
0.54,d4,42.4
0.54,d3,42.6
0.54,d1,43.3
1.04,d2,43.1
1.04,d4,42.7
1.04,d3,42.9
1.04,d1,43.4
1.54,d2,43.0
1.54,d4,42.4
1.54,d3,42.7
1.54,d1,43.4
2.04,d2,43.2
2.04,d4,42.8
2.04,d3,43.0
2.04,d1,43.5
2.54,d2,43.1
2.54,d4,42.7
2.54,d1,43.4
2.54,d3,42.9
3.04,d2,43.1
3.04,d4,42.7
3.04,d3,42.9
3.04,d1,43.4
3.54,d2,42.9
3.54,d4,42.6
3.54,d1,43.3
3.54,d3,42.7
4.04,d2,42.9
4.04,d4,42.4
4.04,d3,42.6
4.04,d1,43.3
4.54,d2,43.1
4.54,d4,42.9
4.54,d1,43.4
4.54,d3,43.0
5.04,d2,43.0
5.04,d4,42.6
5.04,d3,42.8
5.04,d1,43.4
5.54,d2,43.1
5.54,d4,42.7
5.54,d1,43.5
5.54,d3,42.9
6.04,d2,43.2
6.04,d4,42.8
6.04,d1,43.5
6.04,d3,43.0
6.54,d2,43.0
6.54,d4,42.6
6.54,d3,42.8
6.54,d1,43.3
7.04,d2,43.1
7.04,d4,42.6
7.04,d3,42.8
7.04,d1,43.5
7.54,d2,42.9
7.54,d4,42.5
7.54,d3,42.7
7.54,d1,43.3
8.04,d2,43.0
8.04,d4,42.6
8.04,d3,42.8
8.04,d1,43.3
8.54,d2,43.2
8.54,d4,42.8
8.54,d3,43.0
8.54,d1,43.5
9.05,d2,44.1
9.05,d4,43.6
9.05,d1,44.5
9.05,d3,43.8
9.54,d2,43.0
9.54,d4,42.6
9.54,d3,42.8
9.54,d1,43.4
10.04,d2,43.1
10.04,d4,42.7
10.04,d3,42.9
10.04,d1,43.4
10.54,d2,43.1
10.54,d4,42.7
10.54,d3,42.9
10.54,d1,43.5
11.04,d2,43.1
11.04,d4,42.8
11.04,d1,43.5
11.04,d3,43.1
11.54,d2,43.1
11.54,d4,42.7
11.54,d1,43.4
11.54,d3,42.9
12.04,d2,43.0
12.04,d4,42.6
12.04,d1,43.4
12.04,d3,42.8
12.54,d2,43.3
12.54,d4,42.9
12.54,d3,43.1
12.54,d1,43.6
13.04,d2,43.1
13.04,d4,42.7
13.04,d3,43.0
13.04,d1,43.5
13.54,d2,43.4
13.54,d4,43.0
13.54,d3,43.2
13.54,d1,43.7
14.04,d2,42.9
14.04,d4,42.5
14.04,d3,42.7
14.04,d1,43.3
14.54,d2,43.4
14.54,d4,43.2
14.54,d3,43.3
14.54,d1,43.7
15.04,d2,42.6
15.04,d4,42.3
15.04,d1,43.0
15.04,d3,42.5
15.54,d2,42.7
15.54,d4,42.2
15.54,d1,43.1
15.54,d3,42.4
16.04,d2,43.0
16.04,d4,42.5
16.04,d3,42.8
16.04,d1,43.4
16.54,d2,42.8
16.54,d4,42.4
16.54,d1,43.2
16.54,d3,42.6
17.04,d2,42.4
17.04,d4,42.1
17.04,d1,42.8
17.04,d3,42.3
17.54,d2,43.2
17.54,d4,42.9
17.54,d3,43.0
17.54,d1,43.5
18.04,d2,42.4
18.04,d4,42.0
18.04,d1,42.7
18.04,d3,42.2
18.54,d2,43.2
18.54,d4,42.8
18.54,d1,43.5
18.54,d3,43.0
19.04,d2,42.6
19.04,d4,41.4
19.04,d3,42.0
19.04,d1,43.3
19.54,d2,42.9
19.54,d4,42.4
19.54,d3,42.6
19.54,d1,43.2
20.04,d2,43.2
20.04,d4,42.8
20.04,d3,43.0
20.04,d1,43.5
20.54,d2,43.1
20.54,d4,42.7
20.54,d3,43.0
20.54,d1,43.4
21.04,d2,43.3
21.04,d4,43.0
21.04,d1,43.6
21.04,d3,43.1
21.54,d2,43.1
21.54,d4,42.7
21.54,d3,43.0
21.54,d1,43.5
22.04,d2,42.8
22.04,d4,42.4
22.04,d1,43.1
22.04,d3,42.6
22.54,d2,43.3
22.54,d4,42.9
22.54,d3,43.1
22.54,d1,43.6
23.04,d2,43.1
23.04,d4,42.5
23.04,d3,42.9
23.04,d1,43.4
23.54,d2,43.3
23.54,d4,42.9
23.54,d3,43.1
23.54,d1,43.6
24.04,d2,43.4
24.04,d4,43.1
24.04,d3,43.3
24.04,d1,43.6
24.54,d2,42.8
24.54,d4,42.3
24.54,d1,43.2
24.54,d3,42.5
25.05,d2,44.9
25.05,d4,44.6
25.05,d1,45.2
25.05,d3,44.8
25.54,d2,43.2
25.54,d4,42.8
25.54,d1,43.5
25.54,d3,43.0
26.04,d2,42.5
26.04,d4,42.2
26.04,d3,42.3
26.04,d1,42.8
26.54,d2,43.1
26.54,d4,42.7
26.54,d3,42.9
26.54,d1,43.4
27.04,d2,43.2
27.04,d4,42.5
27.04,d3,42.7
27.04,d1,43.5
27.54,d2,43.2
27.54,d4,42.8
27.54,d3,43.0
27.54,d1,43.5
28.04,d2,42.5
28.04,d4,42.1
28.04,d1,42.8
28.04,d3,42.3
28.54,d2,43.0
28.54,d4,42.6
28.54,d3,42.8
28.54,d1,43.4
29.04,d2,42.5
29.04,d4,42.2
29.04,d3,42.3
29.04,d1,42.8
29.54,d2,43.2
29.54,d4,42.8
29.54,d3,43.0
29.54,d1,43.4
30.04,d2,43.2
30.04,d4,42.7
30.04,d3,42.9
30.04,d1,43.5
30.54,d2,43.3
30.54,d4,42.9
30.54,d3,43.1
30.54,d1,43.5
31.04,d2,43.3
31.04,d4,43.0
31.04,d3,43.2
31.04,d1,43.7
31.54,d2,43.2
31.54,d4,42.9
31.54,d3,43.1
31.54,d1,43.5
32.04,d2,43.2
32.04,d4,42.8
32.04,d3,43.0
32.04,d1,43.5
32.54,d2,43.1
32.54,d4,42.7
32.54,d3,42.9
32.54,d1,43.4
33.04,d2,43.2
33.04,d4,42.8
33.04,d3,43.0
33.04,d1,43.5
33.54,d2,42.7
33.54,d4,42.4
33.54,d3,42.5
33.54,d1,43.1
34.04,d2,43.1
34.04,d4,42.7
34.04,d3,42.9
34.04,d1,43.5
34.54,d2,43.0
34.54,d4,42.6
34.54,d3,42.8
34.54,d1,43.4
35.04,d2,43.0
35.04,d4,42.5
35.04,d3,42.7
35.04,d1,43.4
35.54,d2,43.1
35.54,d4,42.7
35.54,d1,43.4
35.54,d3,42.9
36.04,d2,42.4
36.04,d4,42.1
36.04,d3,42.3
36.04,d1,42.8
36.54,d2,43.2
36.54,d4,42.8
36.54,d3,43.0
36.54,d1,43.5
37.04,d2,42.5
37.04,d4,42.1
37.04,d3,42.3
37.04,d1,42.8
37.54,d2,43.3
37.54,d4,43.1
37.54,d3,43.2
37.54,d1,43.6
38.04,d2,42.5
38.04,d4,42.2
38.04,d1,42.8
38.04,d3,42.4
38.54,d2,43.2
38.54,d4,42.8
38.54,d1,43.5
38.54,d3,43.1
39.04,d2,43.3
39.04,d4,42.9
39.04,d3,43.1
39.04,d1,43.7
39.54,d2,43.2
39.54,d4,42.9
39.54,d1,43.5
39.54,d3,43.0
40.04,d2,43.4
40.04,d4,43.1
40.04,d3,43.3
40.04,d1,43.6
40.54,d2,43.2
40.54,d4,42.8
40.54,d3,43.0
40.54,d1,43.5
41.04,d2,42.5
41.04,d4,42.3
41.04,d1,42.9
41.04,d3,42.5
41.54,d2,43.3
41.54,d4,43.0
41.54,d3,43.1
41.54,d1,43.6
42.04,d2,42.5
42.04,d4,42.2
42.04,d1,42.9
42.04,d3,42.4
42.54,d2,43.2
42.54,d4,42.8
42.54,d1,43.5
42.54,d3,43.0
43.04,d2,42.5
43.04,d4,42.2
43.04,d3,42.4
43.04,d1,42.9
43.54,d2,43.1
43.54,d4,42.8
43.54,d1,43.5
43.54,d3,43.0
44.04,d2,42.5
44.04,d4,42.2
44.04,d1,43.4
44.04,d3,43.0
44.54,d2,43.0
44.54,d4,42.7
44.54,d3,42.9
44.54,d1,43.4
45.04,d2,42.7
45.04,d4,42.4
45.04,d3,42.6
45.04,d1,43.0
45.54,d2,43.1
45.54,d4,42.6
45.54,d3,42.8
45.54,d1,43.4
46.04,d2,42.5
46.04,d4,42.1
46.04,d1,42.8
46.04,d3,42.3
46.54,d2,43.1
46.54,d4,42.7
46.54,d3,42.9
46.54,d1,43.4
47.04,d2,42.4
47.04,d4,42.0
47.04,d3,42.2
47.04,d1,42.7
47.54,d2,42.8
47.54,d4,42.4
47.54,d3,42.6
47.54,d1,43.2
48.04,d2,43.2
48.04,d4,43.0
48.04,d1,43.5
48.04,d3,43.1
48.54,d2,43.1
48.54,d4,42.7
48.54,d3,42.9
48.54,d1,43.4
49.04,d2,42.6
49.04,d4,42.2
49.04,d1,43.0
49.04,d3,42.4
49.54,d2,43.1
49.54,d4,42.7
49.54,d3,42.9
49.54,d1,43.4
50.04,d2,43.0
50.04,d4,42.6
50.04,d3,42.8
50.04,d1,43.3
50.54,d2,42.5
50.54,d4,42.2
50.54,d3,42.4
50.54,d1,42.9
51.04,d2,43.2
51.04,d4,42.9
51.04,d3,43.1
51.04,d1,43.5
51.54,d2,43.0
51.54,d4,42.6
51.54,d3,42.8
51.54,d1,43.3
52.04,d2,43.1
52.04,d4,42.7
52.04,d3,42.9
52.04,d1,43.4
52.54,d2,43.1
52.54,d4,42.7
52.54,d3,42.9
52.54,d1,43.4
53.04,d2,43.0
53.04,d4,42.6
53.04,d1,43.4
53.04,d3,42.8
53.54,d2,43.0
53.54,d4,42.6
53.54,d3,42.9
53.54,d1,43.3
54.04,d2,43.1
54.04,d4,42.7
54.04,d3,43.0
54.04,d1,43.5
54.54,d2,43.1
54.54,d4,42.7
54.54,d3,42.9
54.54,d1,43.4
55.04,d2,43.1
55.04,d4,42.7
55.04,d1,43.4
55.04,d3,42.9
55.54,d2,43.2
55.54,d4,42.8
55.54,d3,43.0
55.54,d1,43.5
56.04,d2,43.8
56.04,d4,43.4
56.04,d3,43.6
56.04,d1,44.1
56.54,d2,43.1
56.54,d4,42.7
56.54,d3,42.9
56.54,d1,43.4
57.04,d2,43.1
57.04,d4,42.7
57.04,d3,42.9
57.04,d1,43.5
57.54,d2,43.2
57.54,d4,42.8
57.54,d3,43.0
57.54,d1,43.5
58.04,d2,43.0
58.04,d4,42.6
58.04,d3,42.8
58.04,d1,43.4
58.54,d2,43.1
58.54,d4,42.7
58.54,d3,42.9
58.54,d1,43.4
59.04,d2,43.1
59.04,d4,42.7
59.04,d3,42.8
59.04,d1,43.4
59.54,d2,43.1
59.54,d4,42.7
59.54,d1,43.5
59.54,d3,42.9
60.04,d2,43.2
60.04,d4,42.8
60.04,d3,43.0
60.04,d1,43.5
60.54,d2,43.1
60.54,d4,42.6
60.54,d1,43.4
60.54,d3,42.9
61.04,d2,42.6
61.04,d4,42.3
61.04,d3,42.4
61.04,d1,43.0
61.54,d2,43.1
61.54,d4,42.7
61.54,d1,43.4
61.54,d3,42.9
62.04,d2,43.2
62.04,d4,42.8
62.04,d3,43.0
62.04,d1,43.5
62.54,d2,42.5
62.54,d4,42.1
62.54,d3,42.3
62.54,d1,43.0
63.04,d2,42.5
63.04,d4,42.2
63.04,d3,42.4
63.04,d1,42.9
63.54,d2,43.2
63.54,d4,42.8
63.54,d3,43.0
63.54,d1,43.5
64.04,d2,43.2
64.04,d4,42.8
64.04,d3,43.1
64.04,d1,43.5
64.54,d2,43.1
64.54,d4,42.6
64.54,d3,43.0
64.54,d1,43.5
65.04,d2,43.2
65.04,d4,42.8
65.04,d3,43.0
65.04,d1,43.5
65.54,d2,43.2
65.54,d4,42.8
65.54,d1,43.5
65.54,d3,43.0
66.04,d2,42.6
66.04,d4,42.3
66.04,d1,43.0
66.04,d3,42.5
66.54,d2,43.2
66.54,d4,42.9
66.54,d3,43.0
66.54,d1,43.5
67.04,d2,42.7
67.04,d4,42.4
67.04,d3,42.6
67.04,d1,43.1
67.54,d2,43.0
67.54,d4,42.6
67.54,d3,42.8
67.54,d1,43.4
68.04,d2,43.1
68.04,d4,42.7
68.04,d1,43.5
68.04,d3,42.9
68.54,d2,43.1
68.54,d4,42.7
68.54,d3,42.9
68.54,d1,43.4
69.04,d2,42.8
69.04,d4,42.4
69.04,d3,42.6
69.04,d1,43.2
69.54,d2,43.1
69.54,d4,42.5
69.54,d3,42.7
69.54,d1,43.4
70.04,d2,43.0
70.04,d4,42.5
70.04,d3,42.9
70.04,d1,43.4
70.54,d2,43.0
70.54,d4,42.6
70.54,d1,43.3
70.54,d3,42.8
71.04,d2,43.2
71.04,d4,42.8
71.04,d1,43.5
71.04,d3,43.0
71.54,d2,43.2
71.54,d4,42.7
71.54,d3,43.0
71.54,d1,43.5
72.04,d2,43.1
72.04,d4,42.7
72.04,d3,42.9
72.04,d1,43.5
72.54,d2,43.0
72.54,d4,42.6
72.54,d3,42.7
72.54,d1,43.3
73.04,d2,43.1
73.04,d4,42.7
73.04,d1,43.4
73.04,d3,42.9
73.54,d2,43.2
73.54,d4,42.8
73.54,d3,43.0
73.54,d1,43.6
74.04,d2,43.2
74.04,d4,42.8
74.04,d1,43.5
74.04,d3,43.0
74.54,d2,43.2
74.54,d4,42.8
74.54,d3,43.0
74.54,d1,43.5
75.04,d2,42.8
75.04,d4,42.5
75.04,d3,42.7
75.04,d1,43.2
75.54,d2,43.1
75.54,d4,42.8
75.54,d3,43.0
75.54,d1,43.4
76.04,d2,43.2
76.04,d4,42.7
76.04,d1,43.5
76.04,d3,43.0
76.54,d2,42.7
76.54,d4,41.3
76.54,d3,41.5
76.54,d1,43.1
77.04,d2,42.9
77.04,d4,42.5
77.04,d3,42.7
77.04,d1,43.3
77.54,d2,42.9
77.54,d4,42.7
77.54,d1,43.3
77.54,d3,42.8
78.05,d2,44.7
78.05,d4,44.3
78.05,d1,45.0
78.05,d3,44.5
78.54,d2,43.2
78.54,d4,42.7
78.54,d1,43.5
78.54,d3,43.0
79.04,d2,43.4
79.04,d4,43.2
79.04,d1,43.8
79.04,d3,43.4
79.54,d2,43.1
79.54,d4,42.9
79.54,d3,43.0
79.54,d1,43.4
80.04,d2,43.1
80.04,d4,42.7
80.04,d3,43.0
80.04,d1,43.4
80.54,d2,43.2
80.54,d4,42.8
80.54,d3,43.0
80.54,d1,43.5
81.04,d2,42.8
81.04,d4,42.5
81.04,d1,43.2
81.04,d3,42.7
81.54,d2,43.1
81.54,d4,42.7
81.54,d3,43.0
81.54,d1,43.5
82.04,d2,42.5
82.04,d4,42.1
82.04,d3,42.3
82.04,d1,42.9
82.54,d2,43.0
82.54,d4,42.8
82.54,d1,43.3
82.54,d3,43.0
83.05,d2,44.3
83.05,d4,43.9
83.05,d1,44.7
83.05,d3,44.2
83.54,d2,43.3
83.54,d4,42.9
83.54,d3,43.1
83.54,d1,43.6
84.04,d2,43.0
84.04,d4,42.6
84.04,d1,43.4
84.04,d3,42.7
84.54,d2,43.1
84.54,d4,42.8
84.54,d3,43.0
84.54,d1,43.4
85.04,d2,42.4
85.04,d4,41.9
85.04,d1,42.8
85.04,d3,42.1
85.54,d2,43.2
85.54,d4,42.8
85.54,d3,43.0
85.54,d1,43.5
86.04,d2,43.2
86.04,d4,42.8
86.04,d3,43.0
86.04,d1,43.5
86.54,d2,43.6
86.54,d4,43.2
86.54,d1,43.9
86.54,d3,43.4
87.04,d2,43.0
87.04,d4,42.6
87.04,d3,42.8
87.04,d1,43.3
87.54,d2,43.1
87.54,d4,42.9
87.54,d3,43.0
87.54,d1,43.4
88.04,d2,43.2
88.04,d4,43.0
88.04,d3,43.1
88.04,d1,43.5
88.54,d2,43.0
88.54,d4,42.7
88.54,d3,42.9
88.54,d1,43.4
89.04,d2,43.8
89.04,d4,43.5
89.04,d3,43.6
89.04,d1,44.2
89.54,d2,43.3
89.54,d4,42.9
89.54,d1,43.7
89.54,d3,43.1
90.04,d2,43.3
90.04,d4,43.1
90.04,d3,43.2
90.04,d1,43.7
90.54,d2,43.2
90.54,d4,42.8
90.54,d3,43.0
90.54,d1,43.5
91.04,d2,43.2
91.04,d4,43.0
91.04,d3,43.2
91.04,d1,43.5
91.54,d2,43.1
91.54,d4,42.8
91.54,d3,42.9
91.54,d1,43.4
92.04,d2,43.0
92.04,d4,42.2
92.04,d1,43.4
92.04,d3,42.5
92.54,d2,43.0
92.54,d4,42.6
92.54,d3,42.9
92.54,d1,43.4
93.04,d2,43.0
93.04,d4,42.6
93.04,d3,42.8
93.04,d1,43.3
93.54,d2,43.2
93.54,d4,42.7
93.54,d3,42.9
93.54,d1,43.6
94.04,d2,42.8
94.04,d4,42.4
94.04,d1,43.3
94.04,d3,42.6
94.54,d2,43.0
94.54,d4,42.6
94.54,d1,43.4
94.54,d3,42.8
95.04,d2,43.1
95.04,d4,42.7
95.04,d1,43.4
95.04,d3,42.9
95.54,d2,43.0
95.54,d4,42.7
95.54,d3,42.9
95.54,d1,43.4
96.04,d2,43.1
96.04,d4,42.5
96.04,d3,42.9
96.04,d1,43.5
96.54,d2,42.7
96.54,d4,42.1
96.54,d1,43.2
96.54,d3,42.3
97.04,d2,43.1
97.04,d4,42.7
97.04,d3,42.9
97.04,d1,43.5
97.54,d2,43.3
97.54,d4,42.9
97.54,d1,43.6
97.54,d3,43.1
98.04,d2,42.7
98.04,d4,42.4
98.04,d3,42.6
98.04,d1,43.1
98.54,d2,43.1
98.54,d4,42.8
98.54,d3,43.0
98.54,d1,43.5
99.04,d2,43.0
99.04,d4,42.5
99.04,d1,43.3
99.04,d3,42.7
99.54,d2,43.0
99.54,d4,42.6
99.54,d3,42.8
99.54,d1,43.3
100.04,d2,43.1
100.04,d4,42.6
100.04,d1,43.5
100.04,d3,42.8
100.54,d2,42.9
100.54,d4,42.5
100.54,d3,42.7
100.54,d1,43.2
101.04,d2,43.1
101.04,d4,42.7
101.04,d1,43.4
101.04,d3,42.9
101.54,d2,42.9
101.54,d4,42.5
101.54,d3,42.7
101.54,d1,43.3
102.04,d2,42.9
102.04,d4,42.4
102.04,d1,43.3
102.04,d3,42.6
102.54,d2,42.7
102.54,d4,42.4
102.54,d3,42.5
102.54,d1,43.1
103.04,d2,42.9
103.04,d4,42.4
103.04,d1,43.3
103.04,d3,42.7
103.54,d2,43.3
103.54,d4,42.9
103.54,d3,43.1
103.54,d1,43.6
104.04,d2,43.1
104.04,d4,42.8
104.04,d3,43.0
104.04,d1,43.4
104.54,d2,42.8
104.54,d4,42.5
104.54,d3,42.6
104.54,d1,43.2
105.04,d2,42.9
105.04,d4,42.4
105.04,d3,42.6
105.04,d1,43.2
105.54,d2,43.2
105.54,d4,42.7
105.54,d3,43.0
105.54,d1,43.5
106.04,d2,43.0
106.04,d4,40.5
106.04,d3,41.0
106.04,d1,43.5
106.54,d2,43.2
106.54,d4,42.8
106.54,d3,43.0
106.54,d1,43.5
107.04,d4,42.7
107.04,d3,42.8
107.04,d1,43.3
107.09,d2,92.9
107.54,d2,43.1
107.54,d4,42.8
107.54,d1,43.4
107.54,d3,43.0
108.04,d2,42.2
108.04,d4,41.4
108.04,d3,41.7
108.04,d1,43.3
108.54,d2,43.3
108.54,d4,42.9
108.54,d3,43.1
108.54,d1,43.6
109.05,d2,44.1
109.05,d4,43.6
109.05,d3,43.8
109.05,d1,44.5
109.54,d2,43.2
109.54,d4,42.8
109.54,d3,43.1
109.54,d1,43.6
110.04,d2,43.1
110.04,d4,42.7
110.04,d1,43.4
110.04,d3,42.9
110.54,d2,42.9
110.54,d4,42.5
110.54,d3,42.7
110.54,d1,43.2
111.04,d2,43.1
111.04,d4,42.6
111.04,d1,43.6
111.04,d3,42.8
111.54,d2,43.2
111.54,d4,42.8
111.54,d3,43.0
111.54,d1,43.5
112.04,d2,43.3
112.04,d4,43.1
112.04,d1,43.6
112.04,d3,43.2
112.54,d2,43.0
112.54,d4,42.6
112.54,d3,42.8
112.54,d1,43.4
113.04,d2,42.4
113.04,d4,42.1
113.04,d3,42.3
113.04,d1,42.7
113.54,d2,43.2
113.54,d4,42.8
113.54,d1,43.5
113.54,d3,43.0
114.04,d2,43.0
114.04,d4,42.6
114.04,d3,42.7
114.04,d1,43.3
114.54,d2,43.0
114.54,d4,42.6
114.54,d3,42.8
114.54,d1,43.3
115.04,d2,43.1
115.04,d4,42.7
115.04,d3,42.9
115.04,d1,43.5
115.54,d2,43.2
115.54,d4,43.0
115.54,d3,43.1
115.54,d1,43.5
116.04,d2,43.0
116.04,d4,42.4
116.04,d3,42.7
116.04,d1,43.3
116.54,d2,43.2
116.54,d4,42.8
116.54,d1,43.5
116.54,d3,43.0
117.04,d2,42.6
117.04,d4,42.3
117.04,d3,42.5
117.04,d1,43.0
117.54,d2,43.2
117.54,d4,42.9
117.54,d3,43.1
117.54,d1,43.5
118.04,d2,43.1
118.04,d4,42.7
118.04,d1,43.5
118.04,d3,42.9
118.54,d2,42.7
118.54,d4,41.8
118.54,d1,43.3
118.54,d3,42.5
119.04,d2,42.5
119.04,d4,42.1
119.04,d3,42.3
119.04,d1,42.8
119.54,d2,42.8
119.54,d4,42.4
119.54,d3,42.6
119.54,d1,43.2
120.04,d2,43.4
120.04,d4,43.2
120.04,d3,43.3
120.04,d1,43.6
120.54,d2,43.1
120.54,d4,42.7
120.54,d3,43.0
120.54,d1,43.5
121.04,d2,42.6
121.04,d4,42.3
121.04,d1,43.0
121.04,d3,42.4
121.54,d2,43.2
121.54,d4,42.8
121.54,d3,43.0
121.54,d1,43.5
122.04,d2,42.6
122.04,d4,42.2
122.04,d3,42.4
122.04,d1,42.9
122.54,d2,43.5
122.54,d4,43.2
122.54,d3,43.4
122.54,d1,43.9
123.04,d2,42.9
123.04,d4,42.5
123.04,d3,42.8
123.04,d1,43.3
123.54,d2,43.2
123.54,d4,42.9
123.54,d3,43.1
123.54,d1,43.5
124.04,d2,42.6
124.04,d4,42.3
124.04,d3,42.4
124.04,d1,43.0
124.54,d2,43.3
124.54,d4,43.0
124.54,d3,43.1
124.54,d1,43.6
125.04,d2,42.4
125.04,d4,42.1
125.04,d1,42.7
125.04,d3,42.3
125.54,d2,43.3
125.54,d4,42.9
125.54,d3,43.1
125.54,d1,43.6
126.04,d2,42.6
126.04,d4,42.3
126.04,d3,42.4
126.04,d1,43.0
126.54,d2,42.4
126.54,d4,42.0
126.54,d1,42.7
126.54,d3,42.2
127.04,d2,43.4
127.04,d4,43.2
127.04,d1,43.7
127.04,d3,43.3
127.54,d2,43.2
127.54,d4,42.8
127.54,d3,43.0
127.54,d1,43.5
128.04,d2,43.5
128.04,d4,43.2
128.04,d3,43.4
128.04,d1,43.8
128.54,d2,43.2
128.54,d4,42.9
128.54,d3,43.1
128.54,d1,43.6
129.04,d2,43.1
129.04,d4,42.8
129.04,d3,43.0
129.04,d1,43.5
129.54,d2,43.3
129.54,d4,42.9
129.54,d3,43.1
129.54,d1,43.6
130.04,d2,42.7
130.04,d4,42.3
130.04,d3,42.5
130.04,d1,43.0
130.54,d2,43.1
130.54,d4,42.7
130.54,d3,42.9
130.54,d1,43.4
131.04,d2,43.0
131.04,d4,42.6
131.04,d3,42.8
131.04,d1,43.3
131.54,d2,43.2
131.54,d4,42.7
131.54,d3,43.0
131.54,d1,43.5
132.04,d2,42.9
132.04,d4,42.5
132.04,d3,42.7
132.04,d1,43.2
132.54,d2,43.1
132.54,d4,42.8
132.54,d3,43.0
132.54,d1,43.5
133.04,d2,42.8
133.04,d4,42.5
133.04,d3,42.6
133.04,d1,43.2
133.54,d2,43.0
133.54,d4,42.6
133.54,d1,43.4
133.54,d3,42.9
134.04,d2,42.4
134.04,d4,42.0
134.04,d3,42.2
134.04,d1,42.8
134.54,d2,43.8
134.54,d4,43.4
134.54,d3,43.6
134.54,d1,44.1
135.04,d2,43.0
135.04,d4,42.5
135.04,d3,42.7
135.04,d1,43.3
135.54,d2,43.0
135.54,d4,42.6
135.54,d3,42.8
135.54,d1,43.4
136.04,d2,43.0
136.04,d4,42.6
136.04,d3,42.8
136.04,d1,43.3
136.54,d2,43.0
136.54,d4,42.6
136.54,d3,42.8
136.54,d1,43.3
137.04,d2,42.4
137.04,d4,42.1
137.04,d3,42.3
137.04,d1,42.8
137.54,d2,43.4
137.54,d4,43.0
137.54,d1,43.7
137.54,d3,43.2
138.04,d2,42.8
138.04,d4,42.4
138.04,d1,43.2
138.04,d3,42.6
138.54,d2,43.1
138.54,d4,42.7
138.54,d3,42.9
138.54,d1,43.4
139.04,d2,42.8
139.04,d4,42.3
139.04,d1,43.3
139.04,d3,42.6
139.54,d2,42.8
139.54,d4,42.3
139.54,d3,42.6
139.54,d1,43.3
140.04,d2,42.5
140.04,d4,42.0
140.04,d3,42.2
140.04,d1,42.9
140.54,d2,42.8
140.54,d4,42.4
140.54,d3,42.6
140.54,d1,43.1
141.04,d2,42.9
141.04,d4,42.4
141.04,d3,42.6
141.04,d1,43.2
141.54,d2,43.1
141.54,d4,42.9
141.54,d3,43.0
141.54,d1,43.5
142.04,d2,43.2
142.04,d4,42.8
142.04,d3,43.0
142.04,d1,43.5
142.54,d2,43.4
142.54,d4,43.0
142.54,d3,43.2
142.54,d1,43.7
143.04,d2,42.9
143.04,d4,42.4
143.04,d3,42.6
143.04,d1,43.4
143.54,d2,42.9
143.54,d4,42.5
143.54,d1,43.3
143.54,d3,42.7
144.04,d2,43.2
144.04,d4,42.8
144.04,d3,43.0
144.04,d1,43.4
144.54,d2,43.1
144.54,d4,42.7
144.54,d3,42.9
144.54,d1,43.5
145.04,d2,43.2
145.04,d4,42.8
145.04,d1,43.6
145.04,d3,43.0
145.54,d2,43.0
145.54,d4,42.6
145.54,d3,42.8
145.54,d1,43.3
146.04,d2,43.1
146.04,d4,42.7
146.04,d3,42.9
146.04,d1,43.4
146.54,d2,43.1
146.54,d4,42.7
146.54,d3,42.9
146.54,d1,43.4
147.04,d2,43.0
147.04,d4,42.6
147.04,d3,42.8
147.04,d1,43.5
147.54,d2,43.2
147.54,d4,42.7
147.54,d3,43.0
147.54,d1,43.5
148.04,d2,40.9
148.04,d4,39.9
148.04,d3,40.3
148.04,d1,41.8
148.54,d2,42.9
148.54,d4,42.6
148.54,d3,42.8
148.54,d1,43.4
149.04,d2,42.9
149.04,d4,42.5
149.04,d1,43.4
149.04,d3,42.7
149.54,d2,42.8
149.54,d4,42.2
149.54,d1,43.2
149.54,d3,42.4
150.04,d2,42.5
150.04,d4,42.1
150.04,d3,42.3
150.04,d1,42.9
150.54,d2,43.2
150.54,d4,42.8
150.54,d3,43.0
150.54,d1,43.5
151.04,d2,42.6
151.04,d4,42.3
151.04,d3,42.5
151.04,d1,43.0
151.54,d2,43.0
151.54,d4,42.6
151.54,d3,42.9
151.54,d1,43.3
152.04,d2,43.1
152.04,d4,42.7
152.04,d3,42.9
152.04,d1,43.4
152.54,d2,43.2
152.54,d4,42.8
152.54,d3,43.0
152.54,d1,43.5
153.04,d2,43.0
153.04,d4,42.6
153.04,d1,43.4
153.04,d3,42.8
153.54,d2,43.0
153.54,d4,42.5
153.54,d3,42.8
153.54,d1,43.3
154.04,d2,42.6
154.04,d4,42.2
154.04,d3,42.4
154.04,d1,43.1
154.54,d2,43.3
154.54,d4,42.9
154.54,d1,43.5
154.54,d3,43.1
155.04,d2,43.0
155.04,d4,42.6
155.04,d3,42.9
155.04,d1,43.4
155.54,d2,43.1
155.54,d4,42.7
155.54,d3,42.9
155.54,d1,43.4
156.04,d2,42.7
156.04,d4,42.3
156.04,d1,43.0
156.04,d3,42.5
156.54,d2,43.2
156.54,d4,42.7
156.54,d3,43.0
156.54,d1,43.5
157.04,d2,42.7
157.04,d4,42.3
157.04,d3,42.5
157.04,d1,43.1
157.54,d2,43.2
157.54,d4,43.0
157.54,d1,43.5
157.54,d3,43.1
158.04,d2,43.0
158.04,d4,42.6
158.04,d1,43.3
158.04,d3,42.8
158.54,d2,43.2
158.54,d4,42.8
158.54,d3,43.0
158.54,d1,43.5
159.04,d2,42.6
159.04,d4,42.1
159.04,d3,42.3
159.04,d1,42.9
159.54,d2,43.1
159.54,d4,42.8
159.54,d3,43.0
159.54,d1,43.5
160.04,d2,43.2
160.04,d4,42.9
160.04,d3,43.0
160.04,d1,43.5
160.54,d2,43.2
160.54,d4,42.7
160.54,d3,42.9
160.54,d1,43.5
161.04,d2,42.6
161.04,d4,42.2
161.04,d3,42.4
161.04,d1,43.0
161.54,d2,42.4
161.54,d4,41.6
161.54,d3,41.9
161.54,d1,43.2
162.04,d4,42.4
162.04,d3,42.6
162.04,d1,43.4
162.09,d2,92.8
162.54,d2,43.0
162.54,d4,42.5
162.54,d3,42.7
162.54,d1,43.3
163.04,d2,42.9
163.04,d4,41.8
163.04,d3,42.4
163.04,d1,43.5
163.54,d2,43.1
163.54,d4,42.8
163.54,d3,43.0
163.54,d1,43.5
164.04,d2,42.7
164.04,d4,42.3
164.04,d3,42.5
164.04,d1,43.1
164.54,d2,43.4
164.54,d4,43.2
164.54,d3,43.3
164.54,d1,43.7
165.04,d2,42.5
165.04,d4,42.1
165.04,d3,42.3
165.04,d1,42.8
165.54,d2,43.1
165.54,d4,42.9
165.54,d3,43.1
165.54,d1,43.5
166.04,d2,42.9
166.04,d4,42.6
166.04,d3,42.7
166.04,d1,43.3
166.54,d2,42.8
166.54,d4,42.4
166.54,d3,42.6
166.54,d1,43.2
167.04,d2,42.5
167.04,d4,42.1
167.04,d1,42.8
167.04,d3,42.4
167.54,d2,43.0
167.54,d4,42.6
167.54,d3,42.8
167.54,d1,43.4
168.05,d2,44.8
168.05,d4,44.4
168.05,d1,45.0
168.05,d3,44.6
168.54,d2,43.2
168.54,d4,42.8
168.54,d3,43.0
168.54,d1,43.5
169.04,d2,43.2
169.04,d4,42.9
169.04,d3,43.1
169.04,d1,43.6
169.54,d2,42.9
169.54,d4,42.5
169.54,d3,42.7
169.54,d1,43.2
170.04,d2,42.4
170.04,d4,42.1
170.04,d3,42.3
170.04,d1,42.8
170.54,d2,43.0
170.54,d4,42.7
170.54,d3,42.9
170.54,d1,43.4
171.04,d2,42.7
171.04,d4,42.3
171.04,d3,42.5
171.04,d1,43.1
171.54,d2,43.3
171.54,d4,43.0
171.54,d3,43.1
171.54,d1,43.6
172.04,d2,43.2
172.04,d4,42.8
172.04,d3,43.0
172.04,d1,43.5
172.54,d2,43.2
172.54,d4,42.8
172.54,d1,43.5
172.54,d3,43.0
173.04,d2,42.6
173.04,d4,42.2
173.04,d3,42.4
173.04,d1,42.9
173.54,d2,43.2
173.54,d4,42.9
173.54,d3,43.1
173.54,d1,43.5
174.04,d2,42.8
174.04,d4,42.4
174.04,d3,42.6
174.04,d1,43.2
174.54,d2,43.3
174.54,d4,42.8
174.54,d1,43.6
174.54,d3,43.1
175.04,d2,43.1
175.04,d4,42.7
175.04,d3,42.9
175.04,d1,43.4
175.54,d2,43.1
175.54,d4,42.7
175.54,d1,43.4
175.54,d3,43.0
176.04,d2,43.1
176.04,d4,42.9
176.04,d1,43.4
176.04,d3,43.0
176.54,d2,43.0
176.54,d4,42.6
176.54,d3,42.8
176.54,d1,43.4
177.04,d2,42.7
177.04,d4,42.3
177.04,d3,42.5
177.04,d1,43.1
177.54,d2,43.2
177.54,d4,42.8
177.54,d3,43.0
177.54,d1,43.5
178.04,d2,43.1
178.04,d4,42.7
178.04,d3,42.9
178.04,d1,43.4
178.54,d2,43.1
178.54,d4,42.7
178.54,d3,42.9
178.54,d1,43.4
179.04,d2,42.4
179.04,d4,42.0
179.04,d3,42.2
179.04,d1,42.7
179.54,d2,42.9
179.54,d4,42.5
179.54,d3,42.7
179.54,d1,43.2
180.04,d2,42.6
180.04,d4,42.2
180.04,d3,42.4
180.04,d1,43.0
180.54,d2,43.2
180.54,d4,42.9
180.54,d3,43.1
180.54,d1,43.6
181.04,d2,43.2
181.04,d4,42.7
181.04,d1,43.5
181.04,d3,42.9
181.54,d2,43.1
181.54,d4,42.6
181.54,d3,43.0
181.54,d1,43.4
182.04,d2,43.2
182.04,d4,42.8
182.04,d3,43.0
182.04,d1,43.5
182.54,d2,43.0
182.54,d4,42.7
182.54,d3,42.9
182.54,d1,43.3
183.04,d2,42.6
183.04,d4,42.2
183.04,d1,42.9
183.04,d3,42.4
183.54,d2,43.1
183.54,d4,42.7
183.54,d3,42.9
183.54,d1,43.4
184.04,d2,43.2
184.04,d4,43.0
184.04,d3,43.1
184.04,d1,43.4
184.54,d2,43.0
184.54,d4,42.6
184.54,d3,42.8
184.54,d1,43.3
185.04,d2,43.1
185.04,d4,42.6
185.04,d3,42.9
185.04,d1,43.4
185.54,d2,42.9
185.54,d4,42.4
185.54,d3,42.7
185.54,d1,43.2
186.04,d2,43.0
186.04,d4,40.4
186.04,d3,40.7
186.04,d1,43.3
186.54,d2,43.4
186.54,d4,43.0
186.54,d1,43.7
186.54,d3,43.2
187.04,d2,42.8
187.04,d4,42.4
187.04,d1,43.3
187.04,d3,42.6
187.54,d2,43.0
187.54,d4,42.8
187.54,d1,43.3
187.54,d3,43.0
188.04,d2,42.9
188.04,d4,42.5
188.04,d3,42.7
188.04,d1,43.3
188.54,d2,43.1
188.54,d4,42.7
188.54,d1,43.5
188.54,d3,43.0
189.04,d2,43.0
189.04,d4,42.6
189.04,d3,42.8
189.04,d1,43.4
189.54,d2,43.1
189.54,d4,42.7
189.54,d3,42.9
189.54,d1,43.4
190.04,d2,43.2
190.04,d4,42.8
190.04,d3,43.0
190.04,d1,43.5
190.54,d2,43.1
190.54,d4,42.7
190.54,d3,42.9
190.54,d1,43.4
191.04,d2,43.2
191.04,d4,42.7
191.04,d1,43.5
191.04,d3,43.0
191.54,d2,43.0
191.54,d4,42.6
191.54,d3,42.8
191.54,d1,43.3
192.04,d2,43.1
192.04,d4,42.7
192.04,d3,42.9
192.04,d1,43.4
192.54,d2,43.3
192.54,d4,42.9
192.54,d3,43.2
192.54,d1,43.7
193.04,d2,43.1
193.04,d4,42.7
193.04,d1,43.4
193.04,d3,42.9
193.54,d2,42.4
193.54,d4,41.6
193.54,d1,43.2
193.54,d3,42.0
194.04,d4,42.1
194.04,d1,42.9
194.04,d3,42.4
194.09,d2,92.6
194.54,d2,43.2
194.54,d4,42.7
194.54,d3,42.9
194.54,d1,43.5
195.04,d2,42.8
195.04,d4,42.4
195.04,d3,42.6
195.04,d1,43.2
195.54,d2,43.2
195.54,d4,42.8
195.54,d3,43.1
195.54,d1,43.5
196.04,d2,43.6
196.04,d4,43.3
196.04,d3,43.5
196.05,d1,44.0
196.54,d2,43.1
196.54,d4,42.6
196.54,d3,42.9
196.54,d1,43.4
197.04,d2,41.7
197.04,d4,41.3
197.04,d3,41.5
197.04,d1,42.1
197.54,d2,43.1
197.54,d4,42.7
197.54,d3,42.9
197.54,d1,43.4
198.04,d2,43.3
198.04,d4,42.9
198.04,d3,43.1
198.04,d1,43.6
198.54,d2,43.3
198.54,d4,43.1
198.54,d3,43.2
198.54,d1,43.6
199.04,d2,42.7
199.04,d4,42.3
199.04,d3,42.5
199.04,d1,43.1
199.54,d2,42.9
199.54,d4,42.5
199.54,d3,42.7
199.54,d1,43.2
200.04,d2,43.2
200.04,d4,42.8
200.04,d3,43.0
200.04,d1,43.5
200.54,d2,43.0
200.54,d4,42.6
200.54,d1,43.3
200.54,d3,42.8
201.04,d2,42.4
201.04,d4,42.1
201.04,d3,42.3
201.04,d1,42.8
201.54,d2,43.2
201.54,d4,42.8
201.54,d3,43.0
201.54,d1,43.5
202.04,d2,42.5
202.04,d4,42.2
202.04,d3,42.4
202.04,d1,42.9
202.54,d2,43.2
202.54,d4,42.8
202.54,d1,43.5
202.54,d3,43.0
203.04,d2,42.6
203.04,d4,42.2
203.04,d3,42.4
203.04,d1,43.0
203.54,d2,43.1
203.54,d4,42.7
203.54,d1,43.4
203.54,d3,42.9
204.04,d2,42.4
204.04,d4,42.0
204.04,d1,42.7
204.04,d3,42.2
204.54,d2,43.2
204.54,d4,42.8
204.54,d1,43.5
204.54,d3,43.0
205.04,d2,42.6
205.04,d4,42.2
205.04,d3,42.4
205.04,d1,43.0
205.54,d2,43.2
205.54,d4,42.8
205.54,d3,43.0
205.54,d1,43.5
206.04,d2,43.3
206.04,d4,43.1
206.04,d3,43.3
206.04,d1,43.6
206.54,d2,43.2
206.54,d4,42.8
206.54,d3,43.0
206.54,d1,43.5
207.04,d2,42.6
207.04,d4,42.3
207.04,d1,43.0
207.04,d3,42.5
207.54,d2,43.2
207.54,d4,42.8
207.54,d3,43.0
207.54,d1,43.5
208.04,d2,43.2
208.04,d4,42.8
208.04,d1,43.5
208.04,d3,43.0
208.54,d2,43.1
208.54,d4,42.7
208.54,d3,42.9
208.54,d1,43.5
209.04,d2,42.5
209.04,d4,42.1
209.04,d3,42.3
209.04,d1,42.8
209.54,d2,43.0
209.54,d4,42.7
209.54,d3,42.8
209.54,d1,43.5
210.04,d2,43.1
210.04,d4,42.7
210.04,d1,43.5
210.04,d3,42.9
210.54,d2,43.2
210.54,d4,43.1
210.54,d3,43.2
210.54,d1,43.5
211.04,d2,42.6
211.04,d4,42.2
211.04,d3,42.4
211.04,d1,43.0
211.54,d2,43.2
211.54,d4,42.8
211.54,d3,43.1
211.54,d1,43.6
212.04,d2,42.4
212.04,d4,42.1
212.04,d1,42.8
212.04,d3,42.3
212.54,d2,43.1
212.54,d4,42.7
212.54,d3,42.9
212.54,d1,43.4
213.04,d2,42.7
213.04,d4,42.3
213.04,d3,42.5
213.04,d1,43.1
213.54,d2,43.2
213.54,d4,42.8
213.54,d3,43.0
213.54,d1,43.5
214.04,d2,42.7
214.04,d4,42.3
214.04,d3,42.5
214.04,d1,43.0
214.54,d2,42.9
214.54,d4,42.5
214.54,d3,42.7
214.54,d1,43.4
215.04,d2,42.7
215.04,d4,42.3
215.04,d3,42.5
215.04,d1,43.2
215.54,d2,43.2
215.54,d4,42.8
215.54,d3,43.0
215.54,d1,43.5
216.04,d2,43.2
216.04,d4,42.8
216.04,d3,43.0
216.04,d1,43.5
216.54,d2,43.1
216.54,d4,42.9
216.54,d3,43.0
216.54,d1,43.4
217.04,d2,43.1
217.04,d4,42.6
217.04,d1,43.4
217.04,d3,42.8
217.54,d2,43.1
217.54,d4,42.8
217.54,d3,43.0
217.54,d1,43.4
218.04,d2,43.1
218.04,d4,42.7
218.04,d1,43.4
218.04,d3,42.9
218.54,d2,43.2
218.54,d4,43.0
218.54,d1,43.5
218.54,d3,43.1
219.04,d2,42.7
219.04,d4,42.3
219.04,d1,43.1
219.04,d3,42.5
219.54,d2,43.1
219.54,d4,42.8
219.54,d3,43.0
219.54,d1,43.4
220.04,d2,42.6
220.04,d4,42.3
220.04,d3,42.4
220.04,d1,43.0
220.54,d2,42.7
220.54,d4,42.2
220.54,d3,42.4
220.54,d1,43.2
221.04,d2,43.4
221.04,d4,43.2
221.04,d3,43.3
221.04,d1,43.8
221.54,d2,43.5
221.54,d4,43.1
221.54,d3,43.3
221.54,d1,43.9
222.04,d2,42.6
222.04,d4,42.3
222.04,d3,42.4
222.04,d1,43.0
222.54,d2,43.1
222.54,d4,42.9
222.54,d3,43.0
222.54,d1,43.4
223.04,d2,42.8
223.04,d4,42.4
223.04,d1,43.1
223.04,d3,42.6
223.54,d2,43.1
223.54,d4,42.7
223.54,d3,42.9
223.54,d1,43.4
224.04,d2,43.1
224.04,d4,42.8
224.04,d3,43.0
224.04,d1,43.5
224.54,d2,43.3
224.54,d4,43.0
224.54,d3,43.2
224.54,d1,43.6
225.04,d2,42.9
225.04,d4,42.5
225.04,d3,42.7
225.04,d1,43.3
225.54,d2,43.1
225.54,d4,42.9
225.54,d1,43.5
225.54,d3,43.1
226.04,d2,42.6
226.04,d4,42.3
226.04,d1,43.0
226.04,d3,42.5
226.54,d2,39.4
226.54,d4,34.5
226.54,d1,42.5
226.54,d3,34.7
227.04,d2,42.7
227.04,d4,42.4
227.04,d3,42.6
227.04,d1,43.1
227.54,d2,42.9
227.54,d4,42.6
227.54,d3,42.8
227.54,d1,43.3
228.05,d2,43.6
228.05,d4,43.2
228.05,d3,43.5
228.05,d1,44.0
228.54,d2,43.4
228.54,d4,43.0
228.54,d1,43.9
228.54,d3,43.2
229.04,d2,42.7
229.04,d4,42.4
229.04,d3,42.6
229.04,d1,43.1
229.54,d2,43.1
229.54,d4,42.7
229.54,d3,42.9
229.54,d1,43.6
230.04,d2,43.3
230.04,d4,43.1
230.04,d1,43.6
230.04,d3,43.3
230.54,d2,43.1
230.54,d4,42.8
230.54,d3,42.9
230.54,d1,43.5
231.04,d2,43.2
231.04,d4,43.0
231.04,d3,43.2
231.04,d1,43.5
231.54,d2,43.1
231.54,d4,42.8
231.54,d3,43.0
231.54,d1,43.4
232.04,d2,42.8
232.04,d4,42.4
232.04,d3,42.6
232.04,d1,43.2
232.54,d2,43.1
232.54,d4,42.8
232.54,d3,43.0
232.54,d1,43.4
233.04,d2,42.4
233.04,d4,41.8
233.04,d3,42.1
233.04,d1,43.2
233.54,d2,43.1
233.54,d4,42.7
233.54,d1,43.5
233.54,d3,42.9
234.04,d2,42.9
234.04,d4,42.5
234.04,d3,42.7
234.04,d1,43.3
234.54,d2,43.2
234.54,d4,42.9
234.54,d1,43.5
234.54,d3,43.1
235.04,d2,43.1
235.04,d4,42.7
235.04,d3,42.9
235.04,d1,43.4
235.54,d2,43.1
235.54,d4,42.7
235.54,d3,42.9
235.54,d1,43.4
236.04,d2,43.0
236.04,d4,42.5
236.04,d3,42.7
236.04,d1,43.3
236.54,d2,43.1
236.54,d4,42.6
236.54,d3,42.9
236.54,d1,43.4
237.04,d2,43.0
237.04,d4,42.6
237.04,d1,43.3
237.04,d3,42.8
237.54,d2,43.0
237.54,d4,42.8
237.54,d3,42.9
237.54,d1,43.4
238.04,d2,43.2
238.04,d4,42.8
238.04,d3,43.0
238.04,d1,43.5
238.54,d2,43.0
238.54,d4,42.5
238.54,d1,43.3
238.54,d3,42.8
239.04,d2,42.4
239.04,d4,41.8
239.04,d1,43.0
239.04,d3,42.1
239.54,d2,43.2
239.54,d4,42.7
239.54,d3,43.0
239.54,d1,43.4
240.04,d2,43.1
240.04,d4,42.7
240.04,d1,43.5
240.04,d3,42.9
240.54,d2,43.1
240.54,d4,42.6
240.54,d3,42.9
240.54,d1,43.4
241.04,d2,42.4
241.04,d4,42.0
241.04,d3,42.2
241.04,d1,42.7
241.54,d2,42.7
241.54,d4,42.2
241.54,d3,42.4
241.54,d1,43.2
242.04,d2,43.1
242.04,d4,42.8
242.04,d3,42.9
242.04,d1,43.4
242.54,d2,43.0
242.54,d4,42.7
242.54,d3,42.9
242.54,d1,43.3
243.04,d2,43.0
243.04,d4,42.6
243.04,d1,43.4
243.04,d3,42.9
243.54,d2,43.2
243.54,d4,42.9
243.54,d3,43.1
243.54,d1,43.5
244.04,d2,43.1
244.04,d4,42.9
244.04,d3,43.0
244.04,d1,43.4
244.54,d2,41.7
244.54,d4,41.1
244.54,d3,41.3
244.54,d1,43.2
245.04,d2,43.0
245.04,d4,42.6
245.04,d3,42.8
245.04,d1,43.4
245.54,d2,42.8
245.54,d4,42.5
245.54,d1,43.1
245.54,d3,42.7
246.04,d4,42.2
246.04,d3,42.4
246.04,d1,42.9
246.09,d2,92.6
246.54,d2,43.2
246.54,d4,42.8
246.54,d3,43.0
246.54,d1,43.5
247.04,d2,43.1
247.04,d4,42.8
247.04,d3,42.9
247.04,d1,43.4
247.54,d2,43.2
247.54,d4,42.8
247.54,d3,43.0
247.54,d1,43.5
248.04,d2,43.0
248.04,d4,40.2
248.04,d3,40.7
248.04,d1,43.4
248.54,d2,43.0
248.54,d4,42.6
248.54,d1,43.3
248.54,d3,42.9
249.04,d2,42.5
249.04,d4,42.2
249.04,d1,42.9
249.04,d3,42.3
249.54,d2,43.2
249.54,d4,42.7
249.54,d3,43.0
249.54,d1,43.5
250.04,d2,42.6
250.04,d4,42.3
250.04,d3,42.5
250.04,d1,43.0
250.54,d2,43.1
250.54,d4,42.8
250.54,d3,43.0
250.54,d1,43.5
251.04,d2,43.2
251.04,d4,42.7
251.04,d3,42.9
251.04,d1,43.5
251.54,d2,42.9
251.54,d4,42.7
251.54,d3,42.8
251.54,d1,43.2
252.04,d2,42.6
252.04,d4,42.3
252.04,d1,43.0
252.04,d3,42.5
252.54,d2,42.8
252.54,d4,42.3
252.54,d1,43.2
252.54,d3,42.5
253.04,d2,42.7
253.04,d4,42.4
253.04,d3,42.6
253.04,d1,43.1
253.54,d2,43.2
253.54,d4,42.8
253.54,d3,43.1
253.54,d1,43.6
254.04,d2,42.5
254.04,d4,42.1
254.04,d3,42.4
254.04,d1,42.9
254.54,d2,43.0
254.54,d4,42.6
254.54,d1,43.4
254.54,d3,42.8
255.04,d2,42.5
255.04,d4,42.2
255.04,d3,42.4
255.04,d1,42.9
255.54,d2,43.2
255.54,d4,42.9
255.54,d1,43.6
255.54,d3,43.1
256.04,d2,43.5
256.04,d4,43.1
256.04,d3,43.3
256.04,d1,43.8
256.54,d2,43.2
256.54,d4,42.7
256.54,d3,42.9
256.54,d1,43.5
257.04,d2,42.6
257.04,d4,42.2
257.04,d3,42.5
257.04,d1,42.9
257.54,d2,43.1
257.54,d4,42.7
257.54,d3,42.9
257.54,d1,43.4
258.04,d2,43.4
258.04,d4,43.2
258.04,d1,43.7
258.04,d3,43.3
258.54,d2,43.3
258.54,d4,43.0
258.54,d3,43.2
258.54,d1,43.7
259.04,d2,43.1
259.04,d4,42.6
259.04,d3,42.8
259.04,d1,43.4
259.54,d2,42.3
259.54,d4,42.0
259.54,d3,42.2
259.54,d1,42.7
260.04,d2,43.3
260.04,d4,42.9
260.04,d1,43.6
260.04,d3,43.1
260.54,d2,43.2
260.54,d4,42.9
260.54,d3,43.1
260.54,d1,43.6
261.04,d2,42.7
261.04,d4,42.3
261.04,d3,42.5
261.04,d1,43.1
261.54,d2,43.2
261.54,d4,42.8
261.54,d3,43.1
261.54,d1,43.5
262.04,d2,43.2
262.04,d4,43.0
262.04,d3,43.1
262.04,d1,43.5
262.54,d2,43.4
262.54,d4,43.0
262.54,d3,43.2
262.54,d1,43.7
263.04,d2,42.5
263.04,d4,42.2
263.04,d3,42.4
263.04,d1,42.9
263.54,d2,43.3
263.54,d4,42.9
263.54,d1,43.6
263.54,d3,43.1
264.04,d2,43.1
264.04,d4,42.4
264.04,d3,42.6
264.04,d1,43.6
264.54,d2,43.2
264.54,d4,42.8
264.54,d3,43.0
264.54,d1,43.5
265.04,d2,43.2
265.04,d4,43.0
265.04,d3,43.1
265.04,d1,43.6
265.54,d2,43.2
265.54,d4,42.8
265.54,d3,43.0
265.54,d1,43.5
266.04,d2,42.5
266.04,d4,42.1
266.04,d3,42.3
266.04,d1,42.8
266.54,d2,42.8
266.54,d4,42.4
266.54,d1,43.2
266.54,d3,42.6
267.04,d2,42.7
267.04,d4,42.3
267.04,d3,42.5
267.04,d1,43.0
267.54,d2,43.0
267.54,d4,42.7
267.54,d3,42.9
267.54,d1,43.4
268.04,d2,42.8
268.04,d4,42.4
268.04,d1,43.3
268.04,d3,42.6
268.54,d2,42.9
268.54,d4,42.5
268.54,d3,42.7
268.54,d1,43.3
269.04,d2,42.4
269.04,d4,42.0
269.04,d3,42.2
269.04,d1,42.8
269.54,d2,42.9
269.54,d4,42.4
269.54,d3,42.6
269.54,d1,43.3
270.04,d2,42.7
270.04,d4,42.2
270.04,d1,43.0
270.04,d3,42.4
270.54,d2,43.2
270.54,d4,42.8
270.54,d3,43.0
270.54,d1,43.5
271.04,d2,43.0
271.04,d4,42.6
271.04,d3,42.8
271.04,d1,43.3
271.54,d2,43.0
271.54,d4,42.7
271.54,d3,42.9
271.54,d1,43.3
272.04,d2,43.1
272.04,d4,42.6
272.04,d3,42.9
272.04,d1,43.4
272.54,d2,42.9
272.54,d4,42.4
272.54,d1,43.3
272.54,d3,42.6
273.04,d2,42.6
273.04,d4,42.2
273.04,d3,42.4
273.04,d1,43.0
273.54,d2,43.0
273.54,d4,42.5
273.54,d3,42.8
273.54,d1,43.3
274.04,d2,42.6
274.04,d4,42.2
274.04,d3,42.4
274.04,d1,43.0
274.54,d2,43.2
274.54,d4,42.9
274.54,d3,43.1
274.54,d1,43.5
275.04,d2,43.0
275.04,d4,42.7
275.04,d3,42.9
275.04,d1,43.5
275.54,d2,43.4
275.54,d4,43.2
275.54,d3,43.3
275.54,d1,43.7
276.04,d2,43.1
276.04,d4,42.9
276.04,d1,43.4
276.04,d3,43.0
276.54,d2,43.1
276.54,d4,42.7
276.54,d3,42.9
276.54,d1,43.4
277.04,d2,43.1
277.04,d4,42.7
277.04,d3,42.9
277.04,d1,43.4
277.54,d2,43.0
277.54,d4,42.6
277.54,d3,42.8
277.54,d1,43.4
278.04,d2,43.1
278.04,d4,42.7
278.04,d3,42.9
278.04,d1,43.4
278.54,d2,43.1
278.54,d4,42.7
278.54,d1,43.5
278.54,d3,43.0
279.04,d2,43.0
279.04,d4,42.6
279.04,d3,42.8
279.04,d1,43.4
279.54,d2,43.1
279.54,d4,42.7
279.54,d3,42.9
279.54,d1,43.4
280.04,d2,42.8
280.04,d4,42.4
280.04,d1,43.4
280.04,d3,42.7
280.54,d2,43.2
280.54,d4,42.8
280.54,d3,43.0
280.54,d1,43.5
281.04,d2,43.3
281.04,d4,43.0
281.04,d3,43.2
281.04,d1,43.7
281.54,d2,43.3
281.54,d4,42.8
281.54,d3,43.0
281.54,d1,43.6
282.04,d2,43.1
282.04,d4,42.8
282.04,d3,43.0
282.04,d1,43.4
282.54,d2,43.1
282.54,d4,42.7
282.54,d3,42.9
282.54,d1,43.4
283.04,d2,43.1
283.04,d4,42.6
283.04,d3,42.8
283.04,d1,43.5
283.54,d2,43.0
283.54,d4,42.5
283.54,d3,42.7
283.54,d1,43.4
284.04,d2,42.4
284.04,d4,42.1
284.04,d1,42.8
284.04,d3,42.3
284.54,d2,43.1
284.54,d4,42.7
284.54,d1,43.4
284.54,d3,43.0
285.04,d2,43.2
285.04,d4,43.0
285.04,d3,43.1
285.04,d1,43.5
285.54,d2,43.2
285.54,d4,42.8
285.54,d3,43.0
285.54,d1,43.5
286.04,d2,43.8
286.04,d4,43.3
286.04,d3,43.5
286.04,d1,44.2
286.54,d2,43.0
286.54,d4,42.6
286.54,d1,43.3
286.54,d3,42.9
287.04,d2,43.2
287.04,d4,42.8
287.04,d3,43.0
287.04,d1,43.5
287.54,d2,42.8
287.54,d4,42.4
287.54,d3,42.6
287.54,d1,43.1
288.04,d2,43.0
288.04,d4,42.8
288.04,d3,42.9
288.04,d1,43.4
288.54,d2,43.3
288.54,d4,43.1
288.54,d3,43.2
288.54,d1,43.6
289.04,d2,42.6
289.04,d4,42.2
289.04,d3,42.4
289.04,d1,42.9
289.54,d2,43.3
289.54,d4,42.9
289.54,d3,43.1
289.54,d1,43.6
290.04,d2,42.8
290.04,d4,42.3
290.04,d3,42.5
290.04,d1,43.2
290.54,d2,42.6
290.54,d4,42.1
290.54,d1,43.0
290.54,d3,42.4
291.04,d2,42.9
291.04,d4,42.5
291.04,d3,42.7
291.04,d1,43.3
291.54,d2,42.9
291.54,d4,42.5
291.54,d3,42.7
291.54,d1,43.3
292.04,d2,43.0
292.04,d4,42.5
292.04,d1,43.4
292.04,d3,42.8
292.54,d2,42.9
292.54,d4,42.3
292.54,d3,42.6
292.54,d1,43.3
293.04,d2,43.7
293.04,d4,43.4
293.04,d3,43.5
293.04,d1,44.0
293.54,d2,42.9
293.54,d4,42.7
293.54,d3,42.8
293.54,d1,43.3
294.04,d2,42.8
294.04,d4,42.5
294.04,d1,43.2
294.04,d3,42.7
294.54,d2,43.2
294.54,d4,42.9
294.54,d1,43.5
294.54,d3,43.1
295.04,d2,42.6
295.04,d4,42.2
295.04,d3,42.5
295.04,d1,43.0
295.54,d2,43.2
295.54,d4,42.9
295.54,d3,43.1
295.54,d1,43.5
296.04,d2,43.3
296.04,d4,42.9
296.04,d3,43.1
296.04,d1,43.6
296.54,d2,43.2
296.54,d4,42.7
296.54,d1,43.5
296.54,d3,43.0
297.04,d2,42.7
297.04,d4,42.4
297.04,d3,42.6
297.04,d1,43.1
297.54,d2,43.0
297.54,d4,42.4
297.54,d3,42.6
297.54,d1,43.3
298.04,d2,43.1
298.04,d4,42.7
298.04,d1,43.4
298.04,d3,42.9
